variable,count,mean,std,min,25%,50%,75%,max,original
dummy1,1000.0,-0.000188807237397973,0.010909214750045408,-0.0370842186220983,-0.00744774175208615,-0.00039996485492280003,0.007430586747464199,0.0376216355536911,0.0063166959108968
dummy2,1000.0,-1.391155014719718e-05,0.011850840689425155,-0.0440582915116571,-0.008636191930964526,-0.00050766493585055,0.0082650361730708,0.0323233279200984,0.0032800093763647
x1,1000.0,-0.048246217140496823,2.9385619527316664,-9.569983544500358,-1.9085715595971835,-0.10864898305911336,1.786541533997145,28.205980507576523,28.205980507576523
x2,1000.0,0.18830281692624357,7.888039172342452,-22.42659544886363,-5.242781175728457,0.32172880144872007,5.254106225867527,75.05133297092246,75.05133297092246
x3,1000.0,-0.06807713655546163,1.8978798461391575,-5.915861279978657,-1.3141738924599924,-0.0657608176261934,1.1545909848079594,17.75492334608528,17.75492334608528
